attendance,study_hours,previous_score,assignment_score,internal_score,practical_score,participation,gpa,final_score
81.7,10.8,63.2,75.8,67.0,55.1,59.0,7.17,67.4
65.5,8.1,60.0,62.8,64.2,46.8,43.3,7.09,63.0
87.0,9.3,76.5,92.2,74.3,56.1,67.2,8.16,79.5
89.3,13.5,73.8,56.3,94.7,71.6,72.4,8.3,72.1
54.6,11.0,48.9,43.4,62.5,48.5,20.0,6.51,50.4
62.4,12.4,86.8,65.0,69.3,50.5,57.4,8.97,58.2
79.5,13.7,68.6,45.8,66.2,46.7,47.4,7.32,62.8
74.2,9.5,53.3,65.9,60.8,54.5,32.0,6.58,53.5
77.8,14.0,87.8,72.8,70.9,63.8,57.8,8.74,72.9
67.8,12.5,79.4,74.8,80.5,67.3,58.4,8.31,62.6
88.6,6.1,51.0,82.7,60.2,55.8,29.4,6.7,62.1
87.3,16.8,96.7,80.2,90.3,68.4,78.6,9.12,76.0
78.8,9.0,79.9,67.3,77.0,48.4,61.6,8.36,69.1
91.5,4.4,69.8,71.6,81.4,71.7,49.7,8.06,62.2
83.6,6.8,93.9,90.8,79.0,70.7,38.6,9.3,71.9
67.7,6.9,72.4,57.8,61.0,50.2,30.2,7.77,64.0
82.4,11.2,69.6,60.8,82.1,51.9,70.6,8.79,71.2
66.5,9.9,60.1,66.9,66.6,47.1,28.1,7.72,64.1
88.5,9.7,78.7,78.1,70.8,52.8,71.1,8.24,79.5
77.4,13.5,77.1,49.1,72.6,75.2,56.9,8.44,64.5
75.8,12.4,70.2,52.9,69.5,53.8,55.1,8.13,71.6
69.8,12.3,58.2,71.4,63.1,65.8,31.3,8.0,54.4
92.7,12.6,71.9,76.0,61.7,62.1,62.5,8.08,74.8
76.1,13.5,69.0,57.0,54.2,52.0,66.5,8.36,60.9
72.9,2.6,50.0,51.3,40.9,35.9,20.0,7.14,41.2
73.8,9.5,47.9,52.3,45.0,21.5,56.9,7.71,53.8
84.4,2.3,78.5,80.1,60.6,53.7,43.2,9.13,69.6
82.4,11.1,31.0,32.3,54.8,42.1,48.8,6.47,52.9
83.0,11.0,73.1,60.8,68.7,70.9,68.2,8.17,69.5
83.2,15.2,62.8,66.4,70.3,44.3,36.1,8.05,66.2
100.0,15.8,89.6,83.3,76.4,90.8,77.9,9.15,87.4
73.1,11.8,62.6,65.7,58.5,65.2,75.2,8.45,65.4
71.9,9.0,79.9,56.8,74.0,73.6,67.3,8.49,70.2
68.2,12.9,64.0,62.7,68.2,57.5,59.1,7.52,64.2
85.4,8.9,71.7,80.2,62.1,70.2,50.5,8.04,72.7
91.5,11.0,81.1,81.5,78.2,53.3,52.7,8.2,66.0
76.6,14.9,63.1,62.9,86.3,68.8,57.4,8.01,68.3
67.9,8.8,84.9,69.5,69.7,54.6,53.4,8.27,60.0
68.1,14.2,55.1,45.8,53.1,39.0,45.8,7.79,56.3
85.8,13.7,74.4,70.2,72.4,55.9,73.1,7.8,79.8
86.9,7.2,83.8,89.1,74.6,63.8,79.8,8.87,72.7
84.5,14.9,79.9,72.3,75.9,62.5,64.0,9.13,75.2
70.0,13.8,98.7,69.9,81.1,78.8,38.9,8.32,79.8
80.8,11.4,58.5,55.6,49.6,38.1,39.4,8.51,47.0
79.4,8.0,49.3,56.9,46.2,26.3,60.1,6.98,49.9
80.6,7.6,55.1,54.8,56.4,63.7,49.1,7.51,59.4
88.5,8.8,79.9,79.8,72.1,73.3,67.1,8.91,59.2
80.7,13.2,77.5,76.1,68.4,56.3,53.1,8.78,65.9
86.1,7.2,71.5,78.4,65.8,58.0,62.5,8.38,73.2
78.8,12.8,53.2,71.1,61.0,65.2,56.4,7.79,68.2
81.5,6.0,81.5,83.3,78.0,64.4,38.0,8.88,72.4
85.6,10.2,51.6,49.0,58.7,54.1,51.6,8.14,62.4
60.5,11.4,87.4,60.2,74.6,76.1,32.3,8.89,68.7
74.2,20.8,100.0,80.2,84.0,77.5,96.6,10.0,88.8
72.4,5.5,75.5,62.3,69.0,55.3,41.2,8.67,60.5
70.3,16.9,78.7,56.5,77.4,69.6,70.4,7.58,71.6
74.7,11.6,62.6,56.2,70.8,54.3,47.5,8.89,59.1
95.9,12.6,42.8,52.4,66.7,49.7,52.3,6.82,66.3
67.6,11.5,61.0,50.5,65.2,55.5,48.0,8.23,66.4
89.6,12.8,53.6,57.7,63.0,57.7,77.6,7.5,70.8
57.8,10.4,48.3,58.6,52.0,35.3,37.9,7.34,48.3
74.0,16.8,95.8,80.6,93.1,86.1,52.2,8.89,77.6
80.0,9.2,74.1,93.5,62.5,50.6,54.5,8.58,75.4
85.0,15.5,75.7,73.1,70.1,67.5,72.7,8.31,76.6
86.5,8.4,65.4,63.3,67.0,53.9,75.5,8.69,66.9
87.5,10.8,67.4,67.7,72.3,64.3,63.3,8.28,65.4
73.8,6.7,84.5,74.9,62.3,39.6,53.7,9.11,67.7
72.5,12.8,69.5,67.9,66.1,70.1,65.0,7.02,61.4
88.3,16.8,78.0,94.5,78.0,66.1,54.9,8.53,82.2
75.7,10.7,67.1,54.9,44.9,70.3,40.8,8.11,66.8
62.7,10.2,64.9,66.2,57.4,49.2,32.5,7.77,66.2
64.4,6.5,48.9,51.5,47.6,42.2,23.4,7.41,51.4
67.0,10.1,40.3,29.9,46.9,62.8,58.6,6.45,41.0
84.0,4.6,66.1,73.4,74.7,49.3,49.9,8.0,64.7
79.7,7.3,70.8,79.5,54.3,69.0,50.1,8.68,76.0
86.3,11.9,50.7,49.5,53.3,54.8,26.6,6.29,52.0
72.9,16.3,69.5,63.6,46.1,69.5,88.8,8.27,66.4
79.9,22.2,70.8,49.7,72.8,75.2,64.4,7.99,79.3
85.5,8.7,37.7,38.1,47.8,52.9,80.7,6.31,54.6
74.3,16.7,56.3,67.4,59.2,53.4,44.7,7.58,75.2
83.5,12.0,76.1,66.4,82.6,55.5,48.6,8.98,66.9
70.1,10.4,75.8,55.1,75.0,54.2,21.6,8.72,58.1
73.6,12.7,52.7,57.1,59.3,54.7,60.8,7.19,65.1
73.4,11.2,72.4,60.3,63.9,58.5,39.0,8.53,57.6
63.6,11.4,85.3,64.5,80.2,72.0,35.3,8.99,68.0
83.8,9.4,81.7,81.6,73.3,77.8,36.7,8.64,72.4
72.4,5.4,68.6,51.4,53.0,42.1,52.4,7.64,60.9
78.1,4.8,63.0,52.9,43.3,42.4,53.1,7.49,57.1
83.8,13.6,60.6,64.2,62.3,46.0,85.8,8.11,67.7
83.4,9.9,77.0,81.2,78.2,83.5,46.4,8.45,71.3
86.0,8.6,72.9,82.6,89.6,63.4,57.0,7.84,78.7
76.8,11.0,79.4,63.9,72.1,69.2,37.7,7.74,88.2
72.9,14.2,72.0,74.5,62.3,50.6,54.0,8.49,70.4
77.0,11.7,82.3,64.4,63.0,66.5,49.0,8.38,69.0
57.8,8.4,71.4,77.8,64.7,58.8,47.1,8.06,55.6
60.6,15.9,81.8,54.9,55.9,65.5,69.1,8.97,63.1
62.1,17.3,83.1,80.7,79.0,81.3,72.0,7.89,74.7
66.0,13.0,57.9,48.4,66.5,78.0,42.1,7.38,57.0
82.8,14.9,42.9,72.7,62.1,44.3,77.0,6.85,61.9
67.1,16.0,93.2,80.6,77.5,64.3,58.4,9.17,85.4
73.5,15.5,73.8,56.2,76.5,57.8,56.8,8.76,74.5
93.6,13.5,44.3,51.9,62.5,70.9,57.1,6.52,60.7
73.7,13.4,59.3,66.2,55.5,67.9,50.0,7.81,56.4
86.9,13.1,81.6,85.8,94.0,68.4,85.3,9.18,87.2
66.8,6.6,65.8,58.9,55.1,51.3,46.0,7.68,56.3
75.5,13.8,62.3,61.2,71.8,51.5,61.1,7.65,55.8
66.6,5.6,91.0,81.0,48.2,69.9,36.6,9.08,69.3
73.9,7.8,54.3,57.1,67.1,44.8,79.1,7.49,63.3
88.1,16.2,58.0,49.8,81.6,60.6,85.8,7.93,56.5
57.3,14.4,73.2,52.2,65.5,67.7,42.2,8.23,58.2
83.2,16.9,75.9,73.2,81.5,69.2,64.4,7.97,75.0
80.9,9.9,77.4,83.0,75.9,60.6,51.4,8.9,75.1
70.9,6.4,83.7,87.0,62.4,59.6,45.3,9.14,65.1
60.6,10.0,73.0,69.2,67.6,65.0,36.2,8.1,58.8
78.9,11.4,77.3,73.0,64.2,80.7,61.7,7.75,74.1
71.6,11.3,66.1,68.9,58.1,63.5,71.5,7.78,61.8
80.8,15.5,70.9,60.6,82.3,74.8,47.2,8.25,73.8
78.3,9.6,71.6,65.2,75.7,57.3,37.8,7.65,59.8
97.2,12.4,73.2,66.1,69.3,60.2,59.8,8.3,64.7
75.1,7.0,81.6,58.7,62.4,66.7,40.8,7.94,67.8
65.7,12.8,78.3,69.4,63.3,65.5,78.6,8.59,69.6
80.2,11.0,70.7,68.8,74.8,46.8,68.9,8.22,72.2
80.6,8.0,57.9,66.9,50.5,48.5,63.0,6.83,56.1
94.3,10.1,71.0,77.5,75.1,62.1,57.1,8.49,67.8
88.0,10.3,69.6,71.5,76.1,56.1,54.4,8.16,75.7
82.3,9.9,72.9,74.5,68.3,76.0,36.0,8.5,61.0
95.6,18.1,100.0,88.0,100.0,90.6,85.7,9.47,98.4
63.7,10.6,62.1,60.6,55.9,67.2,54.2,7.2,65.7
70.3,10.0,76.3,59.3,65.4,63.1,66.4,7.93,69.3
66.9,2.6,86.0,74.4,56.4,56.0,32.1,8.43,58.3
73.3,7.4,71.5,71.7,72.8,46.4,44.5,8.1,59.4
61.5,9.9,100.0,69.8,69.5,69.4,47.8,9.3,70.1
85.6,8.3,64.3,65.9,67.6,56.1,65.0,7.84,58.1
75.3,16.5,74.9,61.3,72.6,54.9,44.5,8.08,63.7
60.4,10.3,58.0,47.8,45.9,45.2,55.3,7.18,55.5
65.8,16.2,64.7,47.4,59.5,58.4,58.4,8.83,64.7
81.8,11.2,73.7,81.8,82.8,67.2,43.3,7.95,66.8
88.1,11.1,82.7,87.0,78.5,72.8,32.6,8.53,78.9
100.0,10.6,74.8,81.5,66.8,60.6,62.4,10.0,76.3
100.0,11.0,88.9,100.0,86.0,77.9,83.6,9.39,92.9
83.0,17.9,68.6,64.9,72.2,67.1,91.3,7.46,75.5
66.1,2.0,65.0,89.2,85.0,20.0,38.0,8.1,65.1
52.4,3.0,100.0,71.1,70.7,54.2,54.5,8.72,67.6
81.2,8.8,75.9,72.7,66.0,71.8,51.9,8.8,73.4
68.2,11.1,59.2,52.5,71.7,36.7,63.0,7.39,52.0
73.0,13.8,59.6,62.1,46.1,59.1,51.8,7.36,59.3
70.7,12.9,55.9,63.8,60.3,70.6,48.3,8.09,61.1
76.3,9.5,84.0,71.8,90.4,56.8,42.6,8.95,70.4
90.8,15.1,64.5,85.0,70.5,65.3,41.2,8.43,74.3
79.9,15.1,71.9,69.9,56.4,53.4,79.9,8.39,71.8
76.1,11.7,69.0,67.3,63.2,76.6,47.0,7.82,68.1
65.6,14.9,81.0,58.4,85.1,66.5,45.8,8.71,69.0
57.9,12.1,57.3,56.0,59.1,52.3,32.5,7.82,51.6
72.2,8.8,53.9,53.5,48.0,62.7,45.6,7.35,60.2
77.4,13.8,73.4,61.3,64.8,71.6,82.6,9.04,71.3
99.2,11.4,79.0,70.4,73.4,60.4,92.5,9.13,70.7
79.6,11.0,75.0,95.8,73.4,56.4,34.0,8.42,70.5
89.8,16.9,57.9,60.6,81.4,69.2,66.2,7.79,61.8
72.0,2.0,80.2,54.7,72.8,46.6,22.6,8.53,59.2
63.8,5.3,58.8,47.7,56.9,24.5,51.1,6.85,49.1
66.4,6.3,62.2,56.9,44.0,48.2,44.9,7.55,50.3
69.3,9.5,55.8,60.4,44.4,35.6,40.1,7.44,61.1
100.0,10.0,89.5,89.8,87.5,88.4,63.9,9.04,77.6
68.1,5.0,79.5,74.3,52.1,57.1,33.4,8.55,64.7
88.1,7.1,79.1,67.9,69.6,52.6,73.3,8.62,79.8
67.2,7.6,88.7,75.7,73.3,55.4,50.9,9.15,74.0
89.2,20.8,100.0,77.5,83.2,68.9,86.3,9.87,86.8
82.6,18.2,44.4,47.1,52.3,47.3,35.3,7.06,51.4
76.1,9.4,58.9,49.9,58.9,63.1,50.2,6.95,51.3
77.5,9.5,60.8,48.7,65.8,76.6,79.1,8.47,60.6
70.1,6.4,57.2,66.7,64.3,54.7,60.3,7.35,54.9
83.4,3.4,53.8,65.7,60.1,44.0,20.0,7.39,51.1
72.5,10.5,65.5,71.2,63.6,52.3,47.5,7.66,61.1
63.3,7.0,51.8,51.0,43.8,34.8,25.5,6.87,46.8
62.7,10.7,75.0,71.0,55.2,79.7,69.6,8.82,68.1
80.1,4.6,70.8,49.3,58.5,51.5,47.5,8.77,52.3
96.9,8.0,77.2,85.0,77.7,84.8,48.0,8.84,72.2
79.9,11.6,77.6,72.4,75.1,78.8,57.3,8.4,71.3
76.6,12.5,79.0,76.5,53.6,48.4,23.0,8.75,64.9
81.4,12.7,64.4,67.7,59.7,53.8,45.3,7.91,73.3
93.7,5.7,100.0,77.9,93.5,63.9,52.9,9.54,80.4
80.6,14.4,73.5,53.7,73.2,65.7,73.2,8.43,61.3
73.1,7.8,42.1,41.6,36.4,42.3,21.7,6.57,47.2
91.3,13.5,55.0,67.8,86.9,89.2,60.5,7.68,74.2
83.1,11.0,43.9,60.1,55.4,38.8,70.3,7.06,56.1
96.4,5.5,70.3,58.7,71.9,59.8,34.4,8.59,59.0
80.2,9.7,68.2,55.8,69.5,64.6,56.6,7.75,73.1
63.3,12.5,63.0,49.6,57.1,55.9,51.8,7.91,52.5
61.6,13.5,100.0,73.0,72.7,74.6,74.2,8.83,78.8
97.8,10.4,78.2,63.6,95.9,56.8,59.8,8.44,75.9
98.7,17.1,80.9,64.8,92.8,77.8,73.0,8.59,84.2
75.8,15.0,56.0,49.1,70.2,63.5,72.3,6.95,71.4
73.4,10.0,55.0,56.8,62.7,54.7,33.7,7.81,60.1
95.5,14.0,70.6,60.4,66.1,73.4,65.3,7.89,68.4
64.7,18.7,72.6,61.4,82.2,82.2,56.9,7.73,76.8
67.3,18.8,42.2,57.3,48.7,64.4,62.4,7.27,54.7
85.7,6.1,67.3,54.0,66.8,55.4,60.6,7.8,62.8
73.3,7.3,70.2,62.2,48.2,43.3,53.3,7.95,52.0
77.9,16.9,66.8,74.3,52.0,60.0,55.8,7.48,61.9
76.0,6.8,57.8,54.2,60.0,47.1,48.2,7.89,56.4
82.1,5.7,61.9,57.0,52.9,53.6,66.6,8.15,60.5
94.9,9.1,67.3,81.9,51.5,55.4,48.2,8.5,58.3
79.1,12.7,71.4,63.9,74.4,53.8,60.3,8.4,70.3
85.7,10.6,79.1,84.5,92.8,53.6,55.1,8.62,71.1
53.4,8.4,86.2,70.4,78.4,43.0,38.3,8.28,70.4
77.4,8.3,65.6,59.7,60.3,52.6,28.6,7.51,57.5
67.9,8.2,63.2,63.3,58.5,37.1,63.6,8.24,52.3
63.4,7.5,76.6,67.5,71.3,46.1,31.9,8.55,62.0
67.5,20.1,79.2,77.4,86.0,69.3,79.9,8.06,72.6
74.0,12.2,63.5,55.3,60.6,44.6,47.2,7.76,66.3
89.0,14.5,81.9,76.6,79.6,75.9,58.1,8.62,77.4
62.1,9.0,84.7,67.7,70.9,68.8,60.0,8.05,66.4
78.4,10.3,89.4,83.6,81.4,62.7,66.6,9.04,78.8
72.2,8.1,96.7,68.2,75.3,63.3,49.9,9.03,66.4
74.1,2.0,57.0,67.4,51.2,48.2,46.8,7.03,47.2
90.0,5.5,70.2,74.8,78.9,49.0,46.6,7.57,68.7
84.5,3.8,70.2,55.0,74.3,45.1,44.7,7.47,55.2
94.0,2.0,68.5,82.7,68.4,64.0,37.3,8.05,60.3
76.1,6.2,60.3,82.1,73.4,58.7,57.2,7.59,68.0
69.6,16.3,47.7,60.6,54.3,61.0,51.7,6.59,61.2
75.3,10.8,71.4,79.9,81.6,69.4,72.7,8.41,65.2
80.9,16.2,58.5,61.3,71.3,42.1,61.4,7.57,61.8
80.1,12.6,71.3,50.6,99.2,76.8,59.1,8.43,66.7
65.0,14.1,58.1,36.3,49.1,60.0,64.5,7.31,64.4
79.1,7.4,53.5,59.7,50.2,58.9,49.2,7.0,60.7
80.7,13.1,73.5,62.8,75.2,68.8,56.0,8.33,67.6
100.0,13.9,72.3,65.6,80.8,69.7,69.7,7.88,78.0
100.0,8.7,78.7,77.7,93.9,63.1,72.3,8.98,70.8
67.8,13.2,100.0,84.9,74.9,78.1,45.7,8.89,74.1
74.6,13.3,74.2,52.4,78.2,61.1,55.8,8.64,67.7
60.4,8.8,77.3,59.2,74.3,66.1,43.2,8.05,65.4
70.9,6.5,53.8,69.5,59.7,30.4,54.9,7.75,54.9
81.8,6.3,50.7,45.8,46.2,41.3,46.8,6.76,52.4
92.5,11.3,93.7,92.6,96.4,94.7,85.5,9.02,87.4
69.3,12.3,56.1,50.3,69.8,47.6,51.3,7.53,57.5
70.2,7.8,54.3,59.9,59.9,45.5,42.6,7.81,53.7
52.2,11.1,69.4,67.4,61.1,46.2,41.3,8.5,56.7
76.0,13.3,68.6,71.8,69.8,65.4,41.0,8.02,68.5
65.3,13.5,56.5,63.0,57.9,47.3,40.1,8.15,60.1
71.6,17.2,65.4,49.5,73.7,62.6,56.3,7.67,66.4
67.5,16.1,88.4,83.4,77.6,81.1,74.1,9.28,72.2
76.9,7.0,57.9,50.2,50.0,42.8,46.8,7.1,48.8
56.9,17.7,49.1,49.5,46.4,62.6,51.2,7.08,56.9
60.4,8.9,84.1,70.0,60.5,68.8,59.1,7.46,72.7
100.0,15.2,77.4,82.4,82.8,83.6,92.5,8.18,83.0
62.6,11.3,60.7,58.6,57.9,54.8,64.8,7.69,56.5
64.8,9.4,46.3,39.7,52.0,77.4,34.9,6.27,51.8
100.0,3.8,58.8,53.9,66.9,61.5,45.3,8.04,55.4
100.0,10.3,69.2,81.8,67.2,66.8,87.1,8.72,80.5
63.9,4.8,87.5,72.4,79.9,49.1,40.5,8.48,66.5
73.6,14.9,54.5,67.2,58.8,56.1,56.4,6.9,58.4
82.1,17.1,68.7,66.1,68.7,82.1,77.0,7.86,71.6
98.7,7.8,80.1,64.6,80.3,82.3,71.6,8.36,72.0
66.2,12.2,34.3,51.7,30.2,58.1,44.3,6.29,53.8
75.1,8.1,85.5,69.6,64.6,71.1,51.2,8.79,67.6
87.3,8.5,52.3,62.7,67.9,38.6,66.6,7.26,61.0
83.2,14.1,75.0,63.9,58.1,72.2,47.7,9.13,71.8
73.5,10.8,73.7,82.7,77.6,48.5,52.8,7.87,65.0
76.4,18.0,86.3,65.4,94.0,60.8,52.2,9.42,78.0
61.5,9.1,78.3,61.2,61.5,60.8,31.2,7.79,62.5
75.1,15.0,34.3,46.3,54.3,53.7,53.5,6.48,45.3
74.8,11.4,58.2,47.3,70.7,63.9,60.4,8.05,62.2
80.8,14.2,72.1,71.2,67.4,70.6,57.7,8.72,70.3
71.3,9.2,67.1,78.0,70.1,60.8,40.3,7.69,65.1
83.7,10.8,77.2,66.8,66.3,54.6,57.8,8.73,68.5
90.2,10.5,81.8,80.5,72.1,66.5,44.6,8.95,75.1
79.9,7.7,79.1,44.0,62.5,45.7,55.3,8.28,68.3
82.2,13.6,66.8,65.1,72.1,42.8,76.3,8.27,61.6
78.6,13.6,42.3,47.7,66.0,58.5,58.8,7.69,56.0
78.0,13.4,63.2,53.9,64.0,52.5,56.5,7.99,66.0
69.3,17.1,76.2,77.0,61.2,77.5,66.9,8.52,74.3
81.8,16.8,53.6,54.9,55.1,71.7,40.7,7.7,64.7
76.8,9.5,79.5,68.8,73.9,56.3,58.7,7.84,82.1
100.0,12.5,83.6,77.2,98.4,78.5,100.0,9.17,87.0
96.9,8.5,71.9,54.3,75.4,55.3,57.3,7.94,73.1
82.6,11.1,25.0,31.4,42.7,22.6,55.6,5.85,42.1
68.8,8.6,50.8,61.7,59.8,48.2,56.1,8.09,50.8
64.7,17.5,98.3,55.6,80.4,73.4,81.9,9.09,75.0
92.3,12.5,61.8,58.6,65.1,56.8,76.6,7.56,70.0
81.2,10.1,40.2,46.5,43.9,66.2,26.7,7.3,53.5
83.8,15.8,88.5,95.4,94.7,60.3,73.4,8.56,85.2
57.1,2.3,70.2,66.3,31.2,49.6,63.3,7.64,51.0
89.1,2.9,86.6,73.2,79.6,50.4,53.5,9.53,68.2
83.5,14.2,74.2,83.0,69.3,76.2,48.1,8.36,72.5
64.7,11.2,76.9,57.5,63.1,64.0,53.0,7.53,67.1
72.3,12.0,75.4,76.9,84.3,66.6,37.5,8.51,74.7
81.2,5.7,80.5,59.1,62.7,49.8,62.8,8.42,59.1
78.6,10.9,100.0,93.3,76.2,66.2,42.6,10.0,82.7
74.5,19.0,84.6,68.5,78.7,85.0,68.7,8.43,74.4
76.8,14.3,46.3,42.0,61.3,71.0,49.1,7.48,60.0
75.0,11.7,76.7,66.3,66.2,68.3,47.7,9.15,66.8
79.8,9.2,87.1,78.6,60.7,57.3,71.9,8.5,78.9
95.7,9.4,88.0,77.0,72.5,73.4,61.4,9.02,74.5
47.2,2.5,63.6,57.0,59.5,65.3,20.0,7.6,51.3
75.2,12.0,87.5,68.6,76.6,69.9,40.6,8.45,75.0
80.1,14.4,83.9,80.4,81.6,85.7,37.6,8.86,72.5
81.6,4.7,100.0,88.0,75.9,59.5,28.9,9.38,73.6
73.5,8.4,58.7,57.4,52.2,50.7,49.6,7.42,55.0
56.9,6.4,62.4,49.8,68.5,53.3,49.8,7.51,52.0
81.9,7.1,65.4,66.2,61.3,58.4,42.4,7.96,59.6
98.7,11.2,62.6,74.5,65.9,53.7,85.0,8.08,75.6
59.6,2.7,56.6,72.6,58.2,32.5,22.3,6.99,47.6
88.4,13.5,28.6,56.0,45.1,56.6,60.9,6.1,56.7
74.1,14.0,63.5,70.6,59.8,72.1,44.5,7.69,66.7
77.3,10.0,75.5,99.5,69.0,76.6,65.6,8.31,66.7
65.4,2.0,62.6,62.5,52.5,61.7,60.3,7.4,57.3
74.0,7.0,99.0,85.2,79.7,69.1,23.0,9.49,67.1
93.6,15.9,70.2,78.4,94.8,66.3,66.3,7.47,81.0
85.0,2.0,89.4,68.8,74.8,73.1,58.3,8.71,67.4
98.8,9.6,73.9,70.8,52.9,71.7,42.9,8.39,69.0
92.1,6.3,82.4,72.5,76.8,53.2,60.1,8.43,64.6
83.3,14.2,74.2,76.4,73.8,56.8,78.9,9.07,73.8
98.9,8.3,90.5,82.7,82.0,75.4,60.5,9.27,84.2
83.3,12.6,70.8,69.5,72.7,61.9,67.3,8.27,65.9
87.9,13.3,77.4,84.2,75.5,68.1,86.3,8.32,73.7
74.4,18.3,75.5,76.2,74.3,81.6,91.8,8.28,78.8
78.8,10.2,65.7,62.1,70.1,65.1,53.0,7.35,66.8
69.6,12.5,76.1,59.5,64.1,76.5,46.9,8.18,53.9
89.9,5.1,100.0,97.8,72.5,49.7,37.6,9.16,86.3
63.9,15.8,65.9,66.4,92.0,63.9,69.8,7.61,71.9
87.4,8.0,76.3,56.5,64.3,68.3,35.8,7.33,68.6
75.7,8.8,88.9,72.2,75.1,50.4,46.5,8.4,69.0
92.1,10.9,87.1,81.8,66.4,64.2,62.4,9.68,66.6
87.0,4.7,70.2,76.8,66.0,46.3,41.2,8.58,67.5
99.8,11.9,34.2,62.9,48.2,49.9,70.0,7.33,55.4
86.8,14.9,77.8,76.0,72.8,86.5,99.2,9.16,80.9
59.1,12.2,36.7,46.7,55.2,63.2,46.9,6.66,48.8
77.2,4.6,92.0,78.3,77.1,54.3,37.4,8.86,71.0
63.9,10.5,72.5,55.5,69.0,63.3,60.9,7.56,58.9
71.8,14.0,85.0,69.3,59.3,75.0,60.6,9.2,75.4
96.1,3.5,56.5,64.9,76.4,52.7,68.3,7.72,57.1
85.7,6.7,46.7,55.3,43.7,50.2,52.7,8.25,64.9
69.6,14.5,73.9,46.2,83.2,67.6,54.2,8.0,78.1
65.8,12.1,69.5,57.3,73.4,75.8,28.2,8.81,72.0
78.4,12.6,62.6,62.4,70.1,70.1,37.0,7.69,71.0
63.4,18.4,71.3,58.6,61.7,56.3,37.9,8.57,64.1
69.9,12.9,100.0,77.0,82.6,82.4,59.6,10.0,84.8
81.7,13.6,82.5,78.9,72.4,78.8,43.6,8.23,74.1
91.9,21.8,85.7,68.5,88.2,86.3,97.0,8.74,77.7
85.3,10.1,82.7,59.0,72.8,77.7,57.0,8.28,78.6
50.5,7.8,92.2,64.9,49.1,62.8,33.6,8.2,66.7
81.7,12.7,67.1,73.2,78.3,63.8,48.7,8.3,69.2
78.9,12.8,39.2,66.0,52.7,49.9,66.5,6.62,50.7
83.0,8.9,67.2,73.8,61.2,37.3,42.9,8.04,59.9
97.4,6.9,82.2,64.6,70.8,63.9,43.4,9.12,61.3
53.2,20.2,55.5,46.8,63.1,53.2,75.8,6.3,63.9
70.9,12.3,67.4,64.4,56.8,47.4,58.7,8.46,54.2
85.1,8.1,59.6,64.4,41.5,67.9,49.8,7.55,60.9
59.0,14.7,92.5,76.9,79.4,76.1,61.3,9.11,70.8
95.7,10.6,81.2,69.0,82.5,68.1,62.2,9.08,68.3
82.4,10.0,79.8,73.4,70.8,58.7,60.0,9.2,71.7
88.2,13.2,79.3,78.7,66.4,72.2,52.9,8.58,72.2
71.1,5.8,69.4,71.4,61.5,62.4,69.4,7.02,66.6
87.8,12.4,73.0,62.8,59.6,57.0,54.3,8.36,61.0
90.8,18.7,52.2,57.1,59.0,64.0,94.7,7.53,63.7
80.8,12.9,37.2,21.7,46.4,57.0,57.1,6.18,37.2
80.8,9.5,72.3,61.8,75.6,40.7,63.9,8.29,54.7
81.2,9.0,74.9,64.4,65.7,60.1,62.3,8.18,75.5
67.6,9.4,88.1,62.0,67.8,60.1,62.2,8.17,77.8
76.2,10.0,93.6,79.8,95.2,68.0,41.3,9.43,77.5
76.2,9.5,93.5,77.6,80.4,63.7,65.3,8.87,70.9
82.6,14.7,55.0,36.6,67.1,60.3,87.6,7.28,60.5
90.0,4.1,64.7,69.2,59.3,71.2,44.5,7.78,67.2
65.3,14.4,77.2,56.0,64.4,61.9,55.8,8.81,63.0
76.5,9.5,100.0,86.6,60.9,74.6,44.7,9.4,76.4
95.8,12.5,92.2,71.4,93.6,95.6,61.1,9.33,83.1
69.1,6.5,86.8,72.2,73.3,55.2,65.0,8.54,65.1
68.1,16.3,64.2,56.3,64.0,80.2,47.0,7.91,62.1
80.4,16.0,56.8,62.4,64.1,60.9,52.7,8.13,66.1
88.1,14.8,81.8,77.1,85.9,90.1,87.3,9.03,76.2
78.1,4.9,53.5,54.2,40.1,53.1,52.2,7.65,54.6
93.9,14.3,66.4,54.1,67.5,68.9,95.6,8.39,68.3
88.3,12.6,68.3,53.7,60.5,62.9,56.6,7.51,66.1
88.1,4.6,93.9,76.6,93.0,59.1,49.5,8.89,82.1
84.6,10.9,64.7,65.1,74.3,59.9,49.1,7.83,65.4
100.0,12.5,33.4,47.3,36.8,59.0,69.3,6.38,59.4
75.5,13.2,77.6,75.4,58.4,65.8,34.7,7.92,59.0
54.0,11.7,59.5,48.8,54.1,48.5,54.3,6.48,51.2
97.3,12.2,70.6,63.2,70.0,63.3,69.9,7.74,71.1
72.5,16.9,68.7,60.4,57.7,75.6,62.3,7.85,76.6
79.3,15.9,65.9,66.3,87.0,76.8,59.2,7.89,62.1
93.7,2.0,81.9,81.1,73.5,51.3,34.1,8.45,67.9
58.8,9.7,47.0,65.2,53.2,37.9,53.4,6.86,59.2
63.0,10.3,62.2,49.6,52.1,56.8,31.7,7.36,50.8
58.8,4.0,80.3,64.0,67.5,67.9,40.3,8.81,60.0
68.5,11.4,60.8,61.7,56.6,66.2,78.3,7.48,63.1
83.3,16.0,45.9,54.1,58.2,44.0,85.6,7.38,61.5
84.3,6.7,80.0,68.5,76.1,58.2,30.3,8.7,75.4
81.3,12.3,86.8,60.7,63.0,60.9,51.8,8.25,72.0
61.0,7.3,69.3,54.4,73.2,49.5,46.2,7.81,65.1
50.3,8.3,40.6,29.2,43.7,54.3,36.7,5.87,39.7
78.7,16.9,80.6,54.6,88.9,58.1,47.6,8.52,68.8
72.3,8.8,45.1,42.2,41.6,29.2,53.5,6.56,46.4
83.5,12.8,74.6,59.8,64.3,57.4,60.6,8.53,62.0
86.4,3.5,56.7,67.3,46.6,49.9,70.1,6.98,59.6
79.7,18.4,52.6,62.8,67.2,67.9,65.8,7.33,64.4
87.1,13.4,63.4,56.3,69.1,66.4,78.5,8.15,64.3
80.8,10.3,67.3,62.6,61.9,70.5,38.4,8.4,66.6
84.4,13.3,60.3,44.1,57.0,42.4,48.5,7.38,53.5
69.5,5.4,78.8,62.8,53.2,67.7,50.3,8.39,65.4
75.8,15.7,63.3,65.4,66.6,59.4,76.5,7.84,64.7
80.4,9.7,84.7,83.0,70.0,73.1,41.2,9.47,78.6
87.8,10.2,74.2,64.4,65.4,50.0,58.2,7.73,65.0
73.3,9.0,59.5,68.9,72.9,52.3,31.3,7.15,63.8
84.3,8.7,57.0,45.7,60.0,55.3,51.2,8.84,59.1
74.8,13.8,45.3,38.6,67.5,63.4,69.3,6.81,61.1
76.6,12.0,74.4,74.8,65.0,47.4,50.5,7.41,67.3
88.0,13.6,64.7,83.1,71.8,63.3,60.8,7.7,63.0
54.1,11.0,34.4,42.8,41.7,28.6,29.4,4.95,46.2
62.4,13.1,62.0,55.5,44.9,61.1,43.2,7.65,56.4
60.2,9.3,56.5,30.2,66.6,56.4,66.7,7.63,57.2
50.0,19.9,93.6,48.8,76.5,88.9,59.3,8.4,75.9
69.9,4.7,44.5,50.2,53.7,34.3,26.9,6.63,43.0
87.0,16.0,48.4,53.5,56.4,67.7,63.9,7.64,57.9
74.6,16.5,86.6,62.7,77.4,87.3,42.4,8.01,77.8
80.4,7.6,90.4,78.5,67.6,49.4,36.6,8.44,68.1
91.1,19.9,58.8,65.4,83.8,74.7,94.5,7.64,80.1
93.9,15.0,60.5,75.6,73.2,73.6,67.4,7.51,71.4
77.2,14.9,79.2,72.0,78.0,66.4,86.1,8.36,79.6
94.2,11.1,35.1,64.6,66.9,35.9,61.2,6.14,60.1
79.1,10.1,42.1,50.9,63.3,56.3,53.4,6.94,56.8
68.0,10.2,65.8,58.8,68.3,43.4,57.2,7.71,58.5
70.9,12.6,93.2,86.7,65.1,69.4,20.0,9.29,74.3
60.2,16.6,63.5,46.2,56.8,60.1,59.7,7.67,65.7
67.3,11.7,71.5,91.0,56.3,66.9,50.8,8.12,67.0
73.7,7.4,87.0,77.4,78.0,56.5,65.7,8.15,73.4
87.6,14.3,100.0,89.5,89.3,72.8,77.7,9.77,86.0
98.6,14.7,61.3,73.5,59.5,65.9,56.1,7.8,70.5
61.4,13.6,69.7,78.6,62.5,70.1,68.3,7.8,75.4
82.7,14.0,97.3,90.4,71.2,100.0,59.0,9.84,89.0
65.5,9.9,47.2,32.8,50.7,31.2,35.6,6.58,46.9
83.7,7.3,85.4,90.3,58.7,67.1,53.3,9.46,73.1
76.4,7.5,54.7,53.4,61.1,38.1,45.3,8.03,51.6
56.0,4.5,71.5,60.0,59.5,58.9,53.2,8.23,55.9
89.1,11.9,66.4,54.9,86.7,52.6,66.0,7.61,69.9
70.7,10.7,55.6,60.6,65.2,45.2,53.7,6.37,62.3
71.6,9.2,55.3,48.9,52.7,44.4,60.6,7.83,58.3
65.2,2.0,74.1,64.6,65.6,48.0,47.1,8.17,52.5
70.1,6.0,84.9,68.4,55.7,62.7,52.6,8.33,69.2
83.1,15.5,68.1,85.8,62.7,70.7,83.7,8.59,73.0
75.7,8.3,71.1,85.4,67.9,57.1,57.0,7.72,62.1
81.9,12.4,78.6,72.4,54.4,53.4,61.5,8.33,75.1
82.3,5.4,55.4,59.9,56.4,55.2,63.0,7.72,65.0
93.8,16.8,81.1,73.7,72.9,74.8,71.2,8.27,79.7
73.9,10.4,82.3,82.2,72.6,75.9,52.4,8.54,75.8
60.3,12.2,100.0,72.8,68.1,64.6,71.4,9.71,77.1
90.8,20.3,64.4,63.0,79.5,55.5,98.5,8.08,81.7
74.0,17.1,63.1,70.4,67.6,63.4,63.9,8.29,71.8
91.4,9.8,81.5,71.4,88.6,79.7,52.8,9.28,69.4
82.6,8.6,82.3,73.8,72.9,65.5,71.7,8.7,81.9
76.4,9.7,62.0,45.0,54.8,52.8,62.3,6.65,62.8
82.2,13.0,64.0,71.0,64.8,52.2,64.6,7.37,63.7
100.0,10.6,78.1,97.4,65.4,85.4,59.9,9.06,73.4
100.0,9.4,57.6,73.9,70.0,46.9,66.3,7.09,69.3
78.8,16.9,63.8,77.3,74.4,57.5,65.6,7.67,69.1
79.9,10.5,71.3,58.8,90.3,66.4,46.3,8.32,70.2
90.9,20.2,84.9,80.9,80.3,62.1,78.9,9.57,86.1
67.9,11.4,60.9,47.8,57.5,67.4,54.4,7.3,55.4
82.0,18.1,42.4,49.7,55.1,63.5,64.7,6.6,54.2
77.7,12.4,41.3,57.6,55.8,58.0,69.1,6.76,58.9
81.8,14.9,51.1,57.7,65.4,62.8,80.3,7.44,61.1
68.0,8.1,50.3,37.3,51.6,44.3,57.8,7.01,50.6
58.9,7.6,67.7,44.7,67.4,40.7,36.6,8.22,47.8
53.1,12.8,52.2,33.5,46.7,48.1,56.8,6.63,47.7
64.6,15.0,59.5,60.2,69.9,47.9,57.0,7.5,65.0
72.5,11.2,58.4,78.1,64.7,59.0,36.6,7.7,65.5
74.5,5.9,63.4,74.6,58.6,58.5,52.8,7.57,56.7
100.0,5.6,89.8,65.5,76.5,81.9,56.9,9.62,69.4
91.3,5.3,79.9,90.1,93.4,64.3,84.3,8.76,77.0
66.5,3.9,70.2,71.3,50.8,58.9,55.9,8.31,61.5
82.2,11.4,63.1,48.0,68.0,55.6,66.8,7.91,64.8
73.1,15.5,63.5,57.5,59.3,57.0,64.0,7.9,61.0
74.6,10.9,74.9,78.3,84.7,66.5,55.4,7.98,72.7
80.2,2.0,78.8,76.9,73.0,50.0,26.7,8.22,71.5
85.4,10.2,56.4,47.8,55.9,57.4,34.3,8.11,59.0
73.9,10.3,70.5,70.8,70.3,48.3,40.6,8.35,56.3
90.8,19.4,39.5,32.1,64.8,50.4,75.1,6.41,60.5
64.3,5.2,73.2,60.5,55.4,58.3,20.0,8.15,67.0
78.1,9.4,81.4,83.5,78.5,72.5,45.0,7.53,65.9
100.0,17.8,65.8,71.4,80.7,61.1,73.9,7.9,76.2
80.7,12.8,97.2,76.7,85.0,82.0,56.5,9.78,79.1
95.2,13.3,56.8,73.4,67.2,55.2,58.1,7.64,68.2
79.1,11.5,73.3,77.7,73.4,62.7,51.8,8.3,70.8
85.0,12.3,69.5,81.0,72.1,77.2,82.8,6.79,78.7
77.3,14.1,68.5,73.5,69.3,71.3,68.8,7.83,70.3
76.0,7.8,68.3,75.0,57.4,63.2,40.9,8.14,69.3
68.6,14.5,71.6,70.7,83.3,82.5,56.1,8.26,70.6
83.2,5.5,82.7,77.3,61.3,53.4,47.0,9.15,65.5
67.8,12.3,90.7,74.5,79.4,59.3,42.7,8.8,68.8
86.0,11.7,70.0,66.2,67.3,55.5,49.8,8.11,58.0
91.0,8.5,82.2,65.0,91.1,62.9,69.5,8.19,75.4
82.4,10.9,59.5,52.0,55.1,32.8,51.3,7.57,68.0
74.6,8.5,81.5,68.1,63.3,59.7,34.6,7.99,67.7
83.4,6.7,58.6,63.8,51.0,45.7,49.1,6.81,60.9
74.3,9.6,86.4,87.9,76.0,73.1,52.2,8.29,71.8
89.2,6.6,100.0,85.8,69.7,74.3,26.4,10.0,75.1
56.0,12.3,68.2,67.1,56.4,50.6,46.8,7.62,64.4
74.0,6.4,37.1,57.1,26.5,45.1,56.1,6.66,56.3
54.1,13.8,61.8,50.6,60.4,62.5,55.1,7.2,65.2
60.1,6.3,88.5,75.6,62.8,51.7,67.3,7.9,69.3
94.4,8.7,78.3,73.7,61.1,59.7,74.5,9.08,71.3
88.7,8.5,73.7,84.8,80.1,38.9,74.1,7.41,72.1
69.4,16.3,85.1,77.5,64.6,60.8,97.0,8.41,70.5
60.0,12.3,77.3,51.6,73.7,54.1,59.0,8.17,56.3
42.4,10.2,88.3,65.0,58.7,61.1,39.5,8.58,55.9
71.5,13.0,83.8,87.6,88.1,58.1,68.2,8.3,76.0
100.0,2.6,92.8,84.2,85.2,59.7,42.4,8.55,74.2
83.2,10.8,75.4,75.1,62.2,51.3,58.3,8.03,60.8
71.3,19.0,83.6,76.4,70.1,76.4,57.8,8.28,75.3
83.6,11.5,65.4,54.9,72.4,64.2,63.5,7.6,64.1
59.3,11.3,61.0,59.4,54.9,56.8,38.5,7.89,50.7
74.4,13.2,95.6,64.7,79.2,73.9,48.3,8.65,73.1
79.2,14.6,73.2,61.7,83.5,50.9,67.3,8.38,68.7
77.0,3.0,82.1,82.8,59.8,49.7,38.3,8.69,61.3
87.5,4.3,71.9,73.7,66.4,50.9,22.0,8.72,68.0
82.1,11.8,61.2,59.4,73.3,54.1,39.4,7.68,53.9
86.0,8.1,70.2,73.2,74.7,59.3,38.4,8.55,57.3
69.7,16.2,91.5,74.2,78.3,88.9,49.2,8.88,77.3
88.8,9.7,78.3,74.3,71.0,72.8,62.9,8.79,73.0
97.5,3.3,44.3,65.1,38.4,33.5,52.6,6.49,54.3
66.4,5.9,66.8,52.7,48.5,57.2,54.4,6.61,52.3
67.3,2.0,96.7,77.2,73.0,65.8,43.7,9.33,63.8
94.0,10.1,66.8,66.5,68.4,52.9,74.4,8.33,68.2
75.7,10.2,43.0,34.3,53.1,55.3,60.4,7.06,49.2
94.8,9.3,98.4,78.1,94.4,72.8,62.2,9.33,89.9
72.7,15.3,80.2,85.3,63.5,54.9,74.6,9.15,71.2
95.5,15.8,68.9,75.2,73.6,73.6,83.3,8.04,75.7
79.6,10.3,64.4,50.1,66.0,59.5,59.3,8.04,74.4
81.1,2.5,86.2,60.4,63.1,55.7,57.4,9.12,63.6
96.8,13.5,61.9,66.8,83.6,63.0,37.3,8.72,73.3
73.7,13.2,87.2,89.4,84.5,62.7,53.2,8.67,79.8
66.7,12.2,78.1,64.5,71.5,69.3,48.1,8.02,70.8
72.6,14.9,73.7,79.0,86.7,65.2,74.5,7.51,75.1
83.4,6.3,72.2,72.4,52.7,58.4,69.4,8.95,65.7
59.2,19.0,67.4,62.5,66.6,68.6,42.1,7.93,65.9
85.6,7.2,85.7,63.7,77.6,52.7,69.8,9.09,67.7
71.5,14.0,57.0,65.8,52.9,47.8,42.2,8.83,61.3
91.8,4.3,45.7,53.9,56.5,21.9,34.1,7.3,61.5
49.3,7.3,79.2,69.4,50.3,59.9,32.2,7.57,63.8
68.6,17.1,79.5,59.6,80.2,57.8,57.4,8.31,72.0
57.8,10.0,77.2,64.4,73.4,59.6,23.7,7.73,66.6
68.1,14.4,76.1,69.2,72.4,68.8,64.9,8.06,65.3
81.0,11.9,65.2,62.7,49.8,65.9,66.8,7.72,62.4
75.8,10.6,81.8,75.6,63.4,52.6,66.9,8.33,73.8
75.0,16.5,69.3,61.7,75.4,65.3,57.7,7.39,76.3
76.1,10.1,62.7,54.6,62.4,72.2,51.8,8.45,57.9
80.4,3.9,65.3,80.1,35.6,67.3,42.8,8.04,56.7
65.9,7.8,100.0,88.6,87.2,77.4,65.6,9.19,88.5
86.5,13.2,44.0,46.8,59.7,56.3,25.8,7.36,56.9
86.0,12.6,77.5,78.4,67.2,57.1,48.9,8.73,80.5
82.6,4.7,44.8,46.1,59.9,49.6,45.8,7.13,52.8
84.7,8.1,68.4,55.4,60.0,55.8,38.6,8.4,62.7
81.6,8.7,63.5,73.8,57.0,60.9,49.0,7.9,61.6
100.0,9.5,38.7,39.3,60.2,42.5,60.5,7.24,59.9
77.0,5.5,75.8,77.9,81.4,54.4,36.0,8.67,73.5
74.3,8.5,64.3,58.8,75.8,55.6,49.6,7.86,56.8
69.0,8.1,38.5,43.2,49.6,43.3,53.8,6.46,45.6
65.6,14.1,82.6,72.5,76.4,72.1,51.8,9.19,76.2
63.1,14.2,91.5,78.2,83.2,65.1,48.1,8.66,73.7
67.3,10.4,92.4,66.1,63.4,54.1,46.9,9.14,65.4
77.2,9.4,75.4,75.6,74.2,76.9,51.6,8.5,74.9
82.0,11.6,70.7,68.7,62.6,87.0,35.1,7.89,73.4
78.6,7.7,89.9,64.4,77.6,69.9,55.3,8.63,69.0
68.8,6.4,95.2,74.8,71.3,51.1,36.6,8.95,69.4
88.8,7.2,87.0,92.7,80.4,57.9,69.4,8.76,70.5
86.9,8.5,55.9,77.9,61.8,57.8,62.0,6.9,59.1
76.1,6.3,73.0,74.0,36.8,69.1,60.9,7.91,62.3
70.2,11.6,76.6,54.8,70.3,50.3,39.4,8.41,63.8
84.6,13.9,42.9,58.1,63.7,51.7,58.3,7.51,54.8
80.3,4.7,77.0,79.0,70.3,58.3,28.3,8.68,62.1
60.6,11.1,100.0,83.5,76.1,79.1,38.1,8.06,69.2
77.2,10.1,79.6,78.6,85.8,60.0,69.2,8.8,75.2
81.1,12.4,92.1,82.7,83.1,56.9,78.1,8.87,68.5
67.2,10.9,72.7,62.8,69.2,65.5,35.0,8.28,58.8
80.3,5.2,68.9,59.9,72.1,64.5,39.5,8.06,53.0
60.5,6.0,75.7,43.9,64.0,52.5,37.0,8.05,58.3
94.0,11.1,57.8,68.1,57.9,62.2,69.9,7.68,56.7
93.0,15.1,55.5,65.0,45.8,57.0,46.2,7.61,63.4
75.0,2.1,89.0,80.8,64.4,49.2,20.0,9.51,73.1
82.4,12.4,90.6,65.3,86.8,82.4,65.7,9.06,85.9
49.1,15.8,55.1,54.0,51.7,57.4,25.1,7.56,44.7
64.1,10.4,84.5,89.5,77.0,68.2,41.7,9.0,73.2
74.5,13.2,68.7,64.6,68.6,76.7,59.4,8.29,62.7
65.1,8.2,75.1,63.5,75.2,46.1,49.5,7.36,56.5
86.6,10.5,76.9,75.7,70.2,59.0,56.1,9.0,70.3
100.0,4.5,84.9,100.0,80.3,65.2,48.4,8.82,83.4
63.9,2.0,71.2,51.3,60.9,41.6,43.3,8.29,56.8
68.0,14.8,91.2,75.9,91.3,80.2,60.9,8.48,74.4
80.8,7.1,74.6,61.3,51.9,56.4,40.7,7.8,65.0
97.3,9.2,79.4,72.2,72.1,56.3,60.8,9.63,61.5
63.3,5.5,57.5,53.3,59.8,45.7,43.3,6.92,48.5
81.0,5.4,100.0,96.8,92.5,69.3,68.4,9.99,76.7
99.9,10.3,77.0,95.3,78.9,76.4,73.7,8.72,80.0
58.2,8.1,80.7,69.2,61.6,61.6,56.5,8.14,62.2
62.6,12.5,45.9,43.4,58.6,52.8,42.8,6.8,51.2
72.9,12.8,57.7,82.2,68.8,59.1,49.1,6.88,63.9
71.8,12.3,88.6,69.6,72.4,67.1,51.3,8.84,71.8
87.8,12.0,74.3,65.9,76.0,58.2,59.1,7.91,73.1
80.9,17.3,41.3,33.3,69.4,58.4,54.5,6.65,58.3
56.7,6.7,85.6,80.9,82.2,54.6,54.1,8.95,66.2
84.2,10.8,61.8,73.2,71.5,74.5,68.8,7.91,70.4
71.1,15.5,91.2,99.2,79.7,87.3,56.0,8.29,85.2
93.3,16.1,68.7,56.5,74.7,75.2,79.2,8.59,70.3
70.5,5.3,73.1,79.4,66.9,57.1,44.2,8.13,63.2
70.4,9.8,87.7,73.6,71.7,64.4,58.6,8.55,76.3
84.5,16.4,56.5,68.7,68.5,49.4,50.1,7.89,60.5
87.2,13.0,55.1,44.3,54.6,55.7,60.8,7.45,68.7
83.4,11.8,67.1,80.7,79.6,62.0,58.0,7.49,63.9
57.8,10.1,82.4,73.4,56.4,63.1,52.3,9.23,63.1
84.5,9.5,50.0,56.7,54.0,55.5,46.9,7.26,52.4
65.6,12.2,45.0,54.1,52.8,57.2,20.0,6.77,63.0
80.8,10.0,82.4,65.9,91.3,58.3,40.3,8.49,68.9
60.9,10.8,61.0,49.1,53.6,45.8,46.1,8.0,52.0
83.4,11.3,64.1,59.8,60.1,73.6,58.7,7.65,62.9
68.3,8.3,42.1,28.6,43.2,50.3,67.6,6.02,46.7
62.6,13.1,59.8,63.4,74.1,51.3,59.4,7.14,59.9
86.6,22.7,69.9,80.7,53.7,74.9,80.8,8.78,75.8
80.9,3.9,84.0,67.5,60.3,57.6,43.0,9.12,47.2
70.6,12.3,58.4,60.3,84.8,55.5,68.3,7.36,64.4
95.4,8.0,94.9,82.9,87.7,76.0,49.6,10.0,80.5
72.7,13.3,59.7,61.6,52.4,82.7,54.9,7.9,67.8
78.4,11.2,59.8,54.0,62.0,57.9,41.2,7.51,66.5
81.2,14.0,93.1,70.8,82.7,81.6,80.3,9.09,78.8
70.6,15.7,73.2,75.5,77.9,49.0,65.1,8.29,74.4
83.7,11.8,61.7,62.6,81.9,53.8,49.6,7.41,60.3
71.6,15.5,67.7,82.5,71.2,75.7,58.7,7.91,74.8
73.1,2.0,90.3,75.7,63.8,61.7,43.1,9.08,63.1
94.4,17.4,92.0,74.4,95.3,37.2,70.5,8.51,75.7
65.5,12.5,57.7,67.0,52.2,60.8,45.0,7.3,57.9
49.0,15.3,69.4,61.6,52.3,78.6,41.1,7.57,67.6
97.3,6.1,71.4,80.6,53.9,39.0,59.2,8.84,67.1
100.0,7.7,55.2,77.3,49.7,69.2,54.2,6.85,71.6
73.1,11.6,69.2,57.1,57.7,31.9,47.9,7.82,56.0
54.8,10.9,70.1,56.4,49.6,65.0,26.9,7.59,61.8
74.3,12.1,87.1,72.2,78.4,68.5,56.3,9.24,70.2
74.6,15.3,88.1,61.7,67.9,49.5,58.8,8.84,72.0
75.7,3.9,65.1,59.7,30.1,53.6,37.0,8.64,54.3
64.6,14.9,66.8,72.7,55.3,72.4,58.5,8.08,68.5
85.0,11.0,80.0,76.1,70.0,69.9,67.8,8.43,74.2
84.3,10.2,61.2,49.7,58.6,62.5,65.4,7.87,57.8
60.1,5.1,78.8,48.8,75.2,49.5,43.4,8.11,63.2
86.4,13.0,68.7,84.7,65.1,45.2,59.2,8.51,78.4
100.0,2.0,55.5,64.6,67.3,54.3,41.2,7.1,57.1
80.1,13.6,55.6,52.2,62.5,74.9,46.9,7.09,52.7
74.0,5.0,91.7,73.6,71.7,73.4,34.6,9.22,71.9
76.3,11.2,67.7,49.1,58.2,39.3,54.8,8.51,58.1
85.4,10.5,94.6,96.1,80.8,57.1,47.1,8.29,78.0
57.2,15.7,62.3,50.4,54.0,49.8,55.2,8.11,60.5
80.0,10.3,74.4,82.6,70.9,45.9,42.0,8.24,65.9
73.3,8.2,100.0,81.2,76.4,70.0,26.2,8.53,72.5
100.0,9.0,54.1,79.1,55.7,59.1,71.8,6.29,65.0
75.9,16.1,41.5,52.0,65.3,38.9,57.0,6.09,64.1
98.0,13.1,89.3,92.0,88.4,83.3,56.9,9.19,84.5
64.8,9.5,57.6,61.5,51.8,56.2,31.9,7.34,49.0
85.0,10.1,69.7,74.3,69.7,55.0,61.9,8.44,62.2
81.8,4.7,61.2,65.8,58.2,47.9,63.2,7.49,59.8
67.6,12.6,74.0,62.0,59.5,42.4,47.8,7.64,56.5
80.1,4.0,55.7,77.9,55.7,42.5,40.4,7.28,49.1
92.6,14.0,67.3,60.3,67.0,65.7,80.8,8.15,73.4
74.1,11.5,76.7,68.2,61.3,64.9,30.5,8.45,69.2
57.7,20.5,54.9,50.5,46.6,64.7,88.5,6.81,58.1
77.8,6.6,59.5,64.0,55.1,52.7,78.7,8.02,61.1
67.2,10.6,64.8,54.8,66.1,52.7,20.0,7.44,59.0
73.9,18.2,48.6,55.7,54.8,61.3,64.7,6.68,63.6
77.0,15.8,63.7,60.3,90.2,73.0,53.7,7.54,72.8
57.5,8.2,71.8,43.8,67.7,52.7,37.2,8.4,43.5
58.6,11.9,64.0,55.8,70.8,58.0,42.3,7.52,58.2
83.8,11.0,65.9,54.6,74.1,57.8,68.1,7.66,68.1
71.7,12.1,69.7,46.1,82.7,53.8,52.6,8.41,61.9
47.2,8.2,60.2,51.0,43.7,51.6,24.2,8.24,49.0
87.4,10.6,80.4,79.7,51.9,60.9,56.3,8.76,73.8
81.3,4.6,91.5,84.1,69.8,66.8,51.6,9.65,72.6
69.4,11.5,63.0,64.6,66.6,56.4,36.6,8.14,69.0
62.2,12.8,77.3,44.9,68.9,59.5,29.6,7.95,67.1
88.0,10.1,66.4,53.7,70.2,56.3,83.7,8.06,65.4
82.2,4.5,75.5,90.0,77.9,50.8,36.8,7.81,66.9
100.0,15.0,93.5,75.9,92.1,63.6,70.1,9.31,69.6
83.0,12.5,77.6,77.9,80.9,70.3,54.6,8.21,72.2
82.7,8.1,43.4,45.9,44.5,48.1,58.9,6.76,44.7
76.0,9.9,76.8,69.6,59.2,70.1,75.0,8.03,68.9
87.8,5.0,88.5,73.1,89.1,58.1,56.0,8.91,74.0
85.5,6.9,66.7,72.2,65.4,74.3,31.2,8.27,68.4
93.0,8.8,84.9,80.6,71.8,63.6,39.8,8.88,80.6
71.7,15.9,59.6,53.4,58.5,51.5,55.7,6.71,60.5
72.8,8.4,47.7,41.2,46.6,36.2,44.5,6.68,60.2
72.3,13.6,72.1,67.6,62.2,45.8,34.5,7.43,65.0
87.5,8.8,43.7,42.5,43.6,63.1,65.9,7.12,47.2
96.0,12.0,66.4,74.4,58.1,77.2,50.7,8.37,67.1
72.5,10.4,89.3,100.0,73.0,73.2,70.8,9.0,75.4
72.9,14.5,41.4,61.8,48.8,41.6,82.6,6.38,59.0
81.8,8.9,50.8,63.7,67.0,68.0,49.5,7.38,55.9
75.1,4.7,54.5,55.4,56.2,41.7,48.0,7.14,51.6
89.4,5.5,69.1,49.9,68.1,52.8,34.1,7.67,60.0
51.0,8.9,64.5,40.1,48.0,64.2,47.0,7.85,49.6
68.1,6.0,91.0,86.7,69.6,68.4,35.0,9.28,74.0
68.6,12.6,84.3,62.5,76.1,88.8,39.5,9.04,74.2
50.2,9.1,77.4,53.1,67.5,58.3,35.3,7.81,64.4
66.4,20.5,72.2,61.3,71.6,66.4,60.7,8.58,68.4
67.0,4.0,75.9,54.6,71.0,46.3,33.2,8.0,64.3
75.6,11.8,57.1,45.6,60.7,36.5,67.6,7.77,50.6
91.4,6.5,82.9,77.0,81.2,60.6,42.6,8.59,65.2
75.1,9.0,53.3,46.7,52.0,61.3,72.6,7.2,49.9
65.6,11.6,82.5,61.0,53.9,70.1,33.1,7.41,63.9
77.3,2.0,87.8,67.5,71.1,57.6,59.4,8.74,72.3
90.6,11.9,73.2,77.2,79.8,55.4,49.1,8.42,69.2
66.3,18.6,67.4,57.9,73.6,68.2,63.3,7.64,65.3
67.1,9.2,76.0,63.5,69.3,68.8,40.3,9.02,63.5
84.7,12.0,27.1,50.5,45.4,47.9,55.3,5.71,53.1
75.3,15.1,74.5,65.9,64.7,68.4,71.5,8.0,67.3
85.8,10.3,68.3,64.8,73.1,52.3,76.7,7.7,64.8
77.8,8.7,69.2,70.0,68.8,65.8,66.1,7.8,59.5
86.4,2.0,80.6,81.3,62.8,24.6,37.2,9.13,60.6
65.6,13.6,68.9,59.4,74.9,64.2,56.3,8.55,71.2
77.9,10.5,52.9,57.1,50.3,77.7,43.9,7.0,58.8
75.5,6.9,67.9,55.9,56.9,38.9,33.6,7.63,53.2
63.4,11.5,71.0,52.6,78.5,56.0,34.3,7.44,67.9
59.2,8.7,71.7,67.9,68.4,54.4,36.6,8.53,58.0
86.2,8.9,72.4,74.5,66.0,55.9,58.0,8.8,75.0
73.8,13.4,85.6,77.5,78.3,79.7,32.5,8.69,81.0
65.7,5.6,53.7,55.4,52.5,48.8,39.1,6.58,51.4
76.8,15.2,72.6,67.3,46.8,67.8,81.6,7.6,60.1
91.5,5.4,89.3,88.1,68.3,73.0,65.5,9.2,86.8
50.6,8.3,44.0,51.3,43.4,40.1,30.2,6.83,46.5
60.0,18.7,72.7,70.1,66.1,98.9,42.5,7.06,68.3
66.9,15.5,61.2,56.1,65.3,61.1,64.0,7.41,67.5
95.5,11.4,64.4,82.7,80.2,63.7,33.4,8.77,75.1
81.4,7.2,56.4,61.8,55.5,33.3,64.1,7.42,63.6
87.2,8.9,67.5,73.9,57.5,53.0,52.5,8.75,61.8
64.3,11.3,97.6,79.0,80.1,81.8,73.1,9.46,78.6
64.6,11.2,51.0,53.1,50.9,35.9,26.7,6.58,45.0
83.4,10.6,52.5,50.7,58.3,31.5,68.6,7.23,60.3
78.7,10.9,50.5,62.3,54.9,51.8,53.7,7.16,57.8
84.6,10.1,95.9,100.0,100.0,86.0,52.0,8.9,86.1
75.7,5.2,63.1,57.4,38.3,50.2,25.7,7.31,52.2
81.3,8.9,69.6,67.5,62.9,55.0,60.4,8.79,63.7
79.9,14.7,64.0,58.7,67.6,43.8,71.1,7.4,60.6
87.3,5.5,55.8,56.4,51.5,53.7,72.5,8.05,62.0
87.7,10.2,66.5,82.7,75.8,66.4,71.0,7.85,78.7
58.6,7.7,100.0,68.8,81.1,48.2,32.5,9.19,65.7
51.0,11.4,90.9,63.1,69.5,76.2,30.5,8.95,69.2
90.0,9.4,57.2,47.1,60.7,62.7,39.7,7.39,61.8
92.3,16.9,79.7,68.6,80.1,85.9,91.1,8.95,80.2
65.8,13.0,57.5,37.6,58.0,60.5,42.9,6.46,47.5
55.7,5.8,43.4,49.7,42.3,44.1,54.7,6.82,38.6
79.2,13.7,85.3,100.0,75.7,75.8,67.1,7.68,75.3
89.2,7.9,87.4,75.6,79.0,75.3,58.6,8.9,64.5
99.6,8.7,85.7,65.3,86.4,50.7,56.5,9.44,81.7
84.2,12.3,63.0,73.1,55.5,44.9,68.5,8.12,66.7
73.5,9.0,67.5,55.6,53.6,48.6,49.2,7.34,58.4
67.3,14.6,81.2,81.2,56.7,66.2,51.7,7.94,58.6
78.1,7.9,75.9,66.3,75.5,63.1,58.4,8.04,58.2
74.4,8.5,64.1,55.0,63.4,57.2,47.0,7.86,59.6
65.8,8.4,45.7,46.4,53.8,55.0,34.3,5.93,59.4
100.0,8.7,71.7,82.0,60.0,74.2,68.5,8.42,68.9
99.4,15.4,86.2,79.9,100.0,68.4,71.6,9.21,88.7
91.6,13.5,52.0,55.7,58.8,60.3,71.9,7.31,60.8
66.9,17.8,79.6,65.2,75.7,62.1,56.3,8.62,71.5
88.3,20.1,75.0,59.4,87.7,73.6,60.1,8.53,83.0
85.7,6.9,81.3,78.6,62.9,65.2,73.5,8.44,68.8
83.3,11.3,83.1,57.0,70.6,33.5,77.9,7.87,64.7
93.0,6.3,59.6,60.9,64.3,77.1,64.7,7.86,71.3
85.6,7.9,45.7,62.7,80.6,52.8,47.7,6.66,60.0
86.9,8.5,62.0,67.5,66.6,49.5,50.5,7.57,68.6
85.6,6.8,83.3,81.7,87.2,82.0,68.7,8.99,72.7
82.1,6.8,61.9,62.1,71.8,48.9,44.6,8.41,68.2
56.6,10.4,59.6,64.3,58.4,52.0,36.0,7.34,57.3
79.0,6.1,42.7,60.4,41.0,37.5,70.9,7.12,53.3
71.3,14.4,96.3,82.4,90.6,91.4,57.3,8.54,81.9
62.6,7.3,82.4,76.5,52.4,57.3,64.4,8.57,61.5
98.2,22.2,81.5,86.7,100.0,84.5,66.0,8.82,88.5
98.7,9.2,84.5,76.7,81.0,80.9,67.7,9.54,76.2
94.3,11.3,78.7,62.8,52.8,73.7,89.7,8.43,76.2
81.1,5.8,66.3,69.1,59.1,52.5,47.3,7.85,60.1
94.2,17.8,67.5,75.6,82.2,81.7,71.0,8.65,70.5
78.1,15.5,63.6,73.2,65.5,88.2,47.8,7.76,60.9
80.4,12.2,100.0,73.8,90.3,78.9,72.2,8.97,72.5
64.9,5.6,78.3,56.7,55.5,56.1,29.3,9.45,61.6
82.8,11.8,63.0,68.2,54.1,60.8,57.3,7.34,58.2
78.7,6.5,77.0,69.2,66.7,71.3,31.1,8.38,67.0
62.4,16.8,54.8,33.1,59.9,51.4,78.6,7.37,57.4
77.4,14.2,92.6,81.7,77.8,71.4,75.5,9.21,78.6
77.0,11.4,60.1,41.5,73.3,40.7,54.7,7.54,61.1
99.6,2.0,77.5,68.0,62.6,45.4,33.4,8.6,65.2
88.7,7.1,86.0,91.9,78.1,59.7,72.6,8.83,62.5
78.1,13.8,75.8,87.3,72.9,65.7,55.2,7.85,71.4
81.0,15.9,71.4,55.5,58.7,85.0,50.6,9.15,70.7
78.5,15.4,70.2,62.8,59.1,71.2,40.2,8.0,75.0
75.6,4.6,69.2,64.9,61.1,42.7,33.9,8.29,66.9
65.0,12.2,61.3,74.3,77.8,48.0,32.3,7.39,55.7
76.2,15.1,63.3,56.5,71.7,75.5,53.3,7.6,64.5
69.0,4.4,92.2,70.1,54.8,71.8,48.6,8.77,58.0
63.0,11.0,68.4,75.1,33.9,56.8,43.2,7.14,65.9
84.1,12.1,58.2,57.7,70.6,53.1,64.3,7.56,68.7
82.7,9.8,62.3,70.4,62.9,67.6,45.4,7.61,66.0
56.6,3.6,86.5,52.6,73.4,44.6,32.8,9.1,59.7
76.5,9.7,80.1,69.1,62.9,66.9,76.9,7.99,75.7
89.9,9.7,78.4,58.0,77.1,87.6,53.4,8.35,77.8
90.7,10.4,66.1,57.6,76.2,62.4,64.6,7.66,73.2
90.3,8.7,78.6,83.2,69.4,56.2,36.0,9.27,73.2
78.5,9.2,60.3,60.2,57.3,58.0,71.7,7.27,59.1
67.9,10.8,66.1,56.9,62.3,51.6,43.8,8.04,63.5
65.0,12.8,84.5,61.8,76.9,52.4,65.9,9.02,72.9
82.1,9.8,83.1,72.3,73.9,72.6,53.0,8.66,71.1
82.6,9.4,55.3,62.3,68.7,63.8,61.9,6.86,60.5
93.4,11.4,57.2,74.0,61.6,54.9,71.2,7.08,71.9
91.2,3.3,71.6,45.1,53.9,50.7,41.1,8.7,66.7
76.4,12.9,95.9,71.2,99.0,64.3,71.8,8.66,75.6
63.1,11.0,41.3,46.4,42.9,42.9,38.3,6.79,46.0
74.2,11.2,74.2,65.8,63.1,56.0,63.6,8.28,67.6
80.6,14.8,49.4,59.4,60.1,46.0,57.9,7.36,62.6
75.6,3.2,60.5,62.4,56.1,65.1,44.3,7.84,54.1
71.1,3.1,64.5,57.3,52.6,51.6,31.6,7.34,63.2
81.0,12.1,63.7,58.1,65.7,65.1,58.9,7.4,66.6
72.0,11.0,62.0,56.8,61.0,64.3,38.2,7.97,62.7
70.5,11.7,70.1,74.7,67.1,67.4,56.0,7.72,75.5
81.7,9.2,62.0,55.4,41.6,51.1,53.8,6.53,55.0
73.2,13.7,48.1,51.4,73.8,55.4,50.5,7.33,58.6
80.9,14.7,81.7,75.1,75.6,67.9,62.2,8.18,68.4
81.3,12.9,81.3,88.8,80.6,72.7,61.6,8.84,76.2
64.3,10.0,82.6,65.0,56.2,65.4,38.9,9.12,56.7
72.2,2.6,46.9,60.7,42.9,34.8,35.5,6.98,51.1
95.3,14.1,74.5,86.6,71.0,56.2,55.1,8.94,77.3
64.1,15.9,80.1,65.9,85.2,69.4,87.9,8.44,71.9
52.6,13.6,54.5,46.3,48.6,49.3,61.9,7.8,52.2
55.7,7.5,70.1,54.8,64.6,32.8,42.1,7.35,58.7
78.3,13.7,68.3,62.4,62.7,67.9,75.1,8.01,61.7
78.4,14.4,97.6,89.7,79.8,86.6,35.5,9.64,82.3
76.6,17.2,98.9,83.5,84.0,100.0,32.2,9.28,86.7
92.6,7.5,45.0,59.5,67.8,43.9,50.0,7.66,49.2
45.9,10.1,100.0,59.8,54.8,60.9,20.9,8.86,66.2
82.8,14.0,56.3,50.2,52.3,47.6,59.3,8.46,51.5
96.7,11.2,84.7,100.0,62.8,73.0,66.4,9.93,78.9
64.5,6.5,84.6,67.3,57.1,60.8,52.7,8.71,57.7
73.4,12.7,55.1,48.2,52.4,46.5,41.0,7.61,62.8
69.0,13.3,77.4,81.0,55.5,62.9,60.2,8.85,62.7
67.3,11.4,68.4,64.0,56.8,38.1,50.9,7.35,51.5
74.1,11.9,78.3,74.8,52.8,73.6,59.2,7.82,68.8
95.1,10.0,73.5,72.3,64.1,56.3,54.0,9.01,67.6
100.0,16.9,87.9,80.2,98.3,79.5,93.4,9.28,80.0
74.0,7.4,71.1,63.3,67.3,41.4,45.3,7.99,63.8
100.0,8.7,67.5,58.3,72.3,54.9,83.6,8.24,58.7
78.4,11.0,86.4,74.1,66.6,65.0,44.9,7.76,65.6
99.0,14.5,78.7,80.9,66.9,72.5,80.4,8.64,75.3
76.9,5.0,81.0,90.0,57.3,62.6,42.8,8.23,71.0
79.6,5.8,60.0,61.7,58.1,64.2,41.9,8.07,65.3
82.4,2.8,54.3,35.4,62.0,51.7,50.4,7.88,57.9
100.0,11.1,61.5,67.9,77.8,70.6,61.1,8.23,70.0
88.2,6.5,60.7,91.6,67.7,67.2,20.0,7.97,53.7
69.5,9.5,81.8,78.0,62.7,67.8,20.0,7.84,68.3
89.6,13.6,84.6,69.8,80.3,72.0,81.4,9.15,85.2
73.7,8.4,67.7,68.9,59.8,65.4,64.3,8.21,69.7
72.1,11.9,91.5,68.1,75.1,80.6,78.5,9.54,77.4
88.9,9.8,90.5,67.4,98.1,76.8,57.4,10.0,72.7
78.4,13.7,73.7,64.5,55.4,50.7,43.1,7.49,62.2
81.3,12.9,57.7,61.1,61.4,49.3,54.4,7.4,71.5
78.2,8.2,93.6,60.1,87.8,64.9,50.1,8.82,65.4
82.0,10.3,69.1,55.2,54.2,67.7,42.4,8.17,56.8
83.1,15.2,71.9,68.7,67.2,67.0,86.1,8.24,76.7
54.8,12.6,64.9,50.8,54.2,66.6,76.4,7.47,56.4
86.0,5.4,56.7,65.2,56.4,62.3,54.7,8.04,53.8
66.2,13.6,48.0,37.4,40.4,63.2,54.2,6.46,59.1
60.7,6.7,79.5,72.1,68.6,68.0,22.5,7.84,65.1
77.3,16.7,58.2,47.3,71.6,51.3,84.9,7.09,62.2
79.0,15.1,100.0,99.1,90.4,83.7,63.7,9.29,80.5
69.7,12.2,53.7,36.8,49.7,46.6,49.5,6.7,62.7
88.0,11.6,51.1,48.0,62.0,38.1,66.8,7.34,58.5
61.9,10.2,77.7,68.5,57.4,56.6,38.5,8.16,69.3
73.1,13.7,92.9,93.4,76.4,86.2,59.5,8.71,84.2
71.0,9.5,71.0,67.0,83.8,62.2,30.3,8.44,63.0
77.4,11.9,78.6,76.0,72.9,85.4,70.5,8.44,70.9
81.3,14.5,42.3,51.9,46.5,54.5,61.3,7.36,63.5
65.9,8.8,59.8,45.7,58.3,75.1,60.5,7.4,64.4
86.7,8.5,53.9,55.1,47.6,53.6,51.8,7.45,47.6
78.8,6.2,41.6,38.3,38.6,42.2,44.9,6.56,48.9
55.3,6.7,71.8,46.0,48.5,38.6,21.3,7.89,50.3
54.5,3.7,36.4,43.1,33.5,42.8,41.0,6.61,33.9
77.9,13.9,50.2,43.6,68.0,49.8,48.7,7.01,59.2
75.3,18.2,61.9,63.6,73.4,58.4,60.4,7.92,61.0
76.8,16.7,57.5,45.5,69.9,74.1,64.6,7.14,61.9
77.7,4.5,75.9,71.9,55.0,66.7,44.6,8.69,59.2
80.7,13.9,74.6,64.4,67.8,77.7,39.2,8.06,66.9
89.4,16.7,83.4,91.2,84.3,71.8,67.3,9.21,81.8
64.7,9.2,81.3,70.6,61.7,60.0,55.9,8.46,60.2
63.9,11.4,87.1,82.6,69.4,65.1,44.4,9.37,78.6
64.9,3.0,70.0,53.6,60.8,55.9,31.6,7.41,57.3
81.5,12.1,74.6,70.1,68.2,79.9,60.5,7.67,79.6
92.9,6.7,77.7,65.4,74.1,65.3,52.3,8.33,68.6
72.8,11.8,72.1,61.0,81.7,80.9,40.6,7.5,65.2
48.0,4.8,64.0,49.4,48.7,53.1,29.7,6.84,57.3
57.6,13.2,65.0,48.6,70.9,54.2,62.5,7.9,57.0
68.0,15.1,57.7,43.4,66.4,66.0,44.1,7.41,58.6
71.3,7.9,76.3,52.8,52.6,75.1,41.4,8.07,64.6
73.1,6.5,68.6,39.9,51.5,73.2,26.5,7.79,49.5
78.5,2.4,60.1,49.9,48.0,57.4,51.8,7.38,56.9
74.3,9.9,60.1,65.3,52.6,54.1,50.1,8.34,62.4
90.6,8.7,51.8,44.2,59.2,49.7,45.3,7.09,62.9
69.9,4.8,84.7,57.4,72.7,63.6,41.3,8.05,68.2
67.7,12.8,71.2,80.7,77.4,77.7,37.9,8.37,76.0
83.7,9.2,57.1,54.3,63.8,57.8,40.8,7.48,59.0
59.6,6.7,82.1,69.2,60.3,61.5,20.0,9.33,57.1
82.7,8.8,61.6,69.2,43.9,55.3,39.1,7.53,69.9
79.2,15.3,48.9,61.3,61.1,52.9,80.8,7.53,54.6
76.2,13.4,85.3,58.4,76.5,68.1,48.9,9.24,64.2
97.1,10.5,61.9,65.7,70.1,61.2,68.6,7.72,70.9
70.5,13.5,63.9,43.6,82.8,76.2,45.1,7.39,71.9
100.0,6.4,70.6,98.3,81.6,57.0,66.3,8.71,75.9
75.3,11.1,87.1,58.3,82.1,68.2,40.6,9.08,75.7
62.7,11.6,70.3,50.1,54.6,49.4,49.6,7.28,48.0
78.8,9.1,52.0,45.8,52.3,57.3,52.6,6.78,52.4
65.1,12.7,78.2,50.8,67.9,77.1,82.5,7.16,57.3
69.0,7.9,62.7,72.2,51.4,67.7,53.4,7.92,64.0
82.8,13.0,98.3,100.0,88.9,78.5,53.0,9.3,76.7
84.7,13.2,70.0,63.4,74.2,70.0,70.8,8.09,64.0
70.5,2.0,36.5,31.5,31.2,31.4,63.1,5.73,41.5
89.8,15.8,75.4,50.5,88.0,76.1,47.6,7.98,78.5
91.9,2.0,99.2,84.3,79.7,68.5,34.0,9.35,74.4
95.2,8.5,93.6,81.7,66.7,72.0,55.1,9.05,79.7
84.4,15.1,97.5,76.6,85.7,80.2,59.7,9.45,84.8
94.4,9.7,54.7,65.3,66.0,59.7,55.7,7.86,63.0
55.4,5.1,83.7,69.4,71.3,52.0,20.0,9.45,55.6
74.2,6.6,59.2,61.7,54.1,47.0,63.6,7.54,59.9
67.6,15.1,73.4,60.8,76.5,81.7,39.1,8.61,71.6
79.4,3.3,50.9,44.8,53.6,69.9,39.1,6.87,56.5
71.1,15.5,60.3,64.7,52.1,48.0,73.5,6.81,63.5
76.0,10.8,59.9,59.6,48.6,42.5,53.2,7.45,51.9
100.0,6.2,83.5,89.8,86.8,55.5,43.5,8.24,79.4
76.0,8.7,82.0,79.6,81.5,61.5,32.3,8.61,70.3
83.0,6.9,74.2,55.6,70.4,67.2,46.8,7.98,62.2
75.2,14.5,49.7,39.3,72.5,60.7,50.0,6.26,56.8
78.9,13.9,65.3,56.0,77.0,63.6,63.3,8.67,63.7
78.1,4.1,58.8,49.1,62.3,52.3,24.3,7.34,58.4
83.4,9.4,83.0,82.4,65.8,58.4,65.0,8.0,64.6
92.0,7.5,87.7,83.9,93.1,64.5,56.5,9.45,73.0
97.8,16.2,85.8,92.4,90.0,77.4,75.6,8.71,84.0
81.7,5.6,58.7,64.8,54.9,33.6,65.6,8.11,65.6
85.1,17.4,28.9,47.8,47.9,39.3,63.9,5.99,58.6
64.2,10.9,43.5,58.4,52.0,34.2,39.0,6.48,42.1
76.9,6.4,91.3,81.9,58.8,71.7,38.9,9.19,76.8
89.3,8.3,64.0,67.1,71.7,59.1,52.6,8.22,72.4
88.4,7.8,58.7,78.0,53.5,59.6,52.6,8.05,57.2
80.5,5.9,94.6,81.4,79.5,47.4,36.1,9.18,59.4
88.6,11.4,89.0,76.9,75.5,56.6,34.1,9.31,74.0
83.9,6.1,70.4,59.7,62.8,62.4,41.4,8.51,68.1
92.4,2.3,65.6,75.5,55.5,22.9,50.4,8.15,67.4
81.5,9.5,68.0,78.3,64.6,70.5,55.5,7.97,63.2
73.7,3.8,73.4,65.7,78.9,34.1,55.6,7.54,70.3
82.0,8.0,94.0,93.5,90.5,76.7,76.7,9.48,69.8
42.8,7.4,76.3,37.3,60.1,42.9,42.4,7.97,50.0
82.6,7.5,80.9,72.8,71.0,72.4,68.7,8.45,68.7
40.0,19.0,87.5,61.7,78.6,100.0,62.2,8.99,77.9
57.3,11.2,52.5,41.6,62.6,25.8,68.2,6.41,57.6
83.4,12.0,81.3,97.8,67.8,74.6,83.2,9.4,82.6
83.7,3.9,65.6,64.7,60.3,32.8,57.1,7.95,52.1
64.1,8.4,32.3,36.1,25.7,41.7,53.1,6.36,44.8
69.5,11.9,38.1,45.5,59.5,43.2,49.9,6.37,53.4
94.4,6.9,54.7,43.1,79.8,53.1,54.4,6.85,52.0
72.2,14.6,78.0,60.6,73.1,58.0,54.4,8.31,58.1
100.0,6.2,71.7,84.3,51.7,67.5,64.2,8.58,74.7
78.0,9.9,72.8,61.0,73.1,45.7,43.5,8.51,63.5
82.9,8.7,99.3,75.3,73.3,84.1,50.4,9.37,70.4
97.4,11.7,51.0,75.2,58.1,52.3,34.2,6.48,62.0
79.6,8.4,69.6,79.5,71.1,43.3,73.4,7.39,68.5
66.0,9.9,74.6,69.3,67.3,74.6,44.7,9.07,65.2
76.7,10.1,59.0,54.7,56.1,53.3,58.5,7.08,50.8
77.6,8.1,70.4,63.5,59.1,76.0,68.4,8.74,74.4
61.6,12.9,46.0,38.8,53.0,60.8,54.9,6.39,56.6
74.9,12.0,91.1,66.4,73.9,62.4,74.0,8.92,71.6
69.1,10.6,59.8,46.6,49.1,52.6,34.1,7.8,53.0
89.1,9.3,100.0,80.0,81.2,75.2,88.0,9.2,83.2
78.4,14.2,69.5,55.3,72.7,79.3,75.0,8.79,63.7
74.6,10.1,85.4,57.5,71.5,69.8,54.4,8.77,70.3
76.7,9.8,69.2,67.1,52.7,60.0,70.6,8.24,57.1
80.7,11.4,69.5,68.8,77.0,59.1,41.7,7.98,67.1
85.4,17.8,61.2,80.6,45.8,65.5,66.7,8.08,63.0
66.0,5.6,71.8,55.9,56.2,65.3,58.6,8.73,53.5
65.5,14.1,74.8,67.0,62.7,63.7,30.5,8.09,73.2
91.3,3.4,58.2,67.1,60.6,44.6,54.5,8.49,59.9
73.1,11.9,68.1,60.5,70.5,53.9,61.2,7.67,65.3
61.0,17.3,60.8,62.3,72.7,54.8,84.2,7.81,55.0
83.3,13.0,100.0,91.9,78.9,63.2,40.2,9.72,77.6
83.6,11.7,68.7,70.3,74.0,54.1,79.6,7.61,71.4
59.6,8.8,93.2,69.6,73.2,79.4,35.3,9.0,70.1
80.8,11.1,67.1,61.6,51.3,57.6,50.6,7.99,51.6
86.8,10.0,73.9,57.4,88.1,69.6,41.2,7.98,70.6
82.5,7.9,50.2,48.4,43.2,23.7,37.1,7.41,52.1
85.6,9.8,63.3,58.5,69.0,63.1,61.5,7.94,71.1
61.1,11.8,73.2,50.4,67.9,57.7,34.3,7.99,57.2
82.0,7.9,93.8,84.7,80.3,63.3,60.8,9.17,65.0
74.4,7.8,73.3,78.3,60.7,59.0,38.8,8.15,59.4
72.2,5.6,90.8,66.1,78.9,57.0,26.7,8.79,61.7
88.4,12.6,79.6,77.6,62.3,47.4,55.6,8.71,74.8
95.8,13.2,94.4,75.1,85.9,86.7,71.2,9.11,69.7
99.5,11.9,69.1,69.8,68.9,67.8,62.7,9.5,70.0
93.8,14.9,100.0,80.9,83.9,78.4,69.4,8.99,92.1
76.7,11.4,62.7,67.4,67.3,47.5,64.0,7.48,63.6
82.2,12.6,58.5,54.2,73.7,43.2,73.7,7.39,67.7
87.2,12.2,51.8,69.2,58.8,57.7,57.2,8.3,54.8
79.5,10.6,100.0,80.4,89.4,89.8,41.3,8.86,72.3
79.6,8.9,82.3,66.6,72.6,65.6,52.8,8.85,76.6
87.9,19.9,65.0,54.0,66.7,56.8,81.4,8.09,70.7
